{
  "id": "drama-director",
  "title": "Drama Director",
  "description": "Cinematic effects for Foundry VTT — intros, endings, filters, text overlays, video player, visual novel.",
  "version": "4.1.68",
  "manifest": "https://raw.githubusercontent.com/phoenix1cold/drama-director-fvtt/main/module.json",
  "download": "https://github.com/phoenix1cold/drama-director-fvtt/releases/latest/download/drama-director.zip",
  "compatibility": {
    "minimum": "12",
    "verified": "13"
  },
  "authors": [
    {
      "name": "phoenix1cold",
      "url": "https://github.com/phoenix1cold"
    }
  ],
  "esmodules": [
    "scripts/drama-director.mjs"
  ],
  "styles": [
    "styles/drama-director.css",
    "styles/vn.css"
  ],
  "socket": true,
  "languages": [
    {
      "lang": "en",
      "name": "English",
      "path": "lang/en.json"
    },
    {
      "lang": "ru",
      "name": "Русский",
      "path": "lang/ru.json"
    },
    {
      "lang": "fr",
      "name": "Français",
      "path": "lang/fr.json"
    }
  ],
  "templates": [
    "templates/panel.hbs",
    "templates/vn-panel.hbs"
  ],
  "flags": {}
}